<class name = "fmq_client" codec = "fmq_msg">
This is the FILEMQ/1.0 client protocol handler
<include filename = "license.xml" />
<include filename = "../../model/fmq_client_fsm.xml" />

<!-- Server and client contexts -->
<declare>
//  There's no point making these configurable
private static final int CREDIT_SLICE   = 1000000;
private static final int CREDIT_MINIMUM = (CREDIT_SLICE * 4) + 1;
</declare>

<self>
<context>
private boolean connected;          //  Are we connected to server?
private List &lt;Sub&gt; subs;      //  Subscriptions
private Sub sub;                    //  Subscription we want to send
private int credit;                 //  Current credit pending
private FmqFile file;               //  File we're writing to
private Iterator &lt;Sub&gt; subIterator;
</context>
<construct>
subs = new ArrayList &lt;Sub&gt; ();
connected = false;
</construct>
<destruct>
for (Sub sub: subs)
    sub.destroy ();
</destruct>
</self>

<server>
<context>
private int credit;              //  Current credit pending
private FmqFile file;            //  File we're writing to
</context>
<construct>
</construct>
<destruct>
</destruct>
</server>

<!-- Embedded class for subscriptions -->
<include filename = "fmq_client_sub.xml" />

<action name = "try security mechanism">
String login = config.resolve ("security/plain/login", "guest");
String password = config.resolve ("security/plain/password", "");
ZFrame frame = FmqSasl.plainEncode (login, password);
server.request.setMechanism ("PLAIN");
server.request.setResponse (frame);
</action>

<action name = "connected to server">
connected = true;
</action>

<action name = "get first subscription">
subIterator = subs.iterator ();
if (subIterator.hasNext ()) {
    sub = subIterator.next ();
    server.next_event = Event.ok_event;
} else
    server.next_event = Event.finished_event;
</action>

<action name = "get next subscription">
if (subIterator.hasNext ()) {
    sub = subIterator.next ();
    server.next_event = Event.ok_event;
} else
    server.next_event = Event.finished_event;
</action>

<action name = "format icanhaz command">
server.request.setPath (sub.path);
//  If client app wants full resync, send cache to server
if (Integer.parseInt (config.resolve ("client/resync", "0")) == 1) {
    server.request.insertOptions ("RESYNC", "1");
    server.request.setCache (sub.cache ());
}
</action>

<action name = "refill credit as needed">
//  If credit has fallen too low, send more credit
int credit_to_send = 0;
while (server.credit &lt; CREDIT_MINIMUM) {
    credit_to_send += CREDIT_SLICE;
    server.credit += CREDIT_SLICE;
}
if (credit_to_send > 0) {
    server.request.setCredit (credit_to_send);
    server.next_event = Event.send_credit_event;
}
</action>

<action name = "process the patch">
String inbox = config.resolve ("client/inbox", ".inbox");
String filename = server.reply.filename ();

//  Filenames from server must start with slash, which we skip
assert (filename.startsWith ("/"));
filename = filename.substring (1);                 

if (server.reply.operation () == FmqMsg.FMQ_MSG_FILE_CREATE) {
    if (server.file == null) {
        server.file = new FmqFile (inbox, filename);
        if (!server.file.output ()) {
            //  File not writeable, skip patch
            server.file.destroy ();
            server.file = null;
            return;
        }
    }
    //  Try to write, ignore errors in this version
    ZFrame frame = server.reply.chunk ();
    FmqChunk chunk = new FmqChunk (frame.getData (), frame.size ());
    if (chunk.size () > 0) {
        server.file.write (chunk, server.reply.offset ());
        server.credit -= chunk.size ();
    }
    else {
        //  Zero-sized chunk means end of file, so report back to caller
        pipe.sendMore ("DELIVER");
        pipe.sendMore (filename);
        pipe.send (String.format ("%s/%s", inbox, filename));
        server.file.destroy ();
        server.file = null;
    }
    chunk.destroy ();
}
else
if (server.reply.operation () == FmqMsg.FMQ_MSG_FILE_DELETE) {
    zclock_log ("I: delete %s/%s", inbox, filename);
    FmqFile file = new FmqFile (inbox, filename);
    file.remove ();
    file.destroy ();
    file = null;
}
</action>

<action name = "log access denied">
System.out.println ("W: server denied us access, retrying...");
</action>

<action name = "log invalid message">
System.out.println ("E: server claims we sent an invalid message");
</action>

<action name = "log protocol error">
System.out.println ("E: protocol error");
</action>

<method name = "subscribe">
<argument name = "path" type = "string" />
//  Store subscription along with any previous ones
//  Check we don't already have a subscription for this path
for (Sub sub: subs) {
    if (path.equals (sub.path))
        return;
}
//  Subscription path must start with '/'
//  We'll do better error handling later
assert (path.startsWith ("/"));

//  New subscription, store it for later replay
String inbox = config.resolve ("client/inbox", ".inbox");
sub = new Sub (this, inbox, path);
subs.add (sub);
</method>

<method name = "set inbox">
<argument name = "path" type = "string" />
config.setPath ("client/inbox", path);
</method>

<method name = "set resync">
<argument name = "enabled" type = "number" />
//  Request resynchronization from server
config.setPath ("client/resync", enabled > 0 ? "1" :"0");
</method>

<selftest config = "client_test.cfg">
<init>
self.connect ("tcp://localhost:6001");
try { Thread.sleep (1000); } catch (Exception e) {} 
</init>
</selftest>

</class>
